epoch,loss
1,0.6988521133150373
2,0.6826067566871643
3,0.6992507747241429
4,0.6635615399905613
5,0.6546341947146824
6,0.653039813041687
7,0.6201532227652413
8,0.6362458212035043
9,0.6285800593239921
10,0.5968156031199864
11,0.5869042107037136
12,0.5854043619973319
13,0.5513112119265965
14,0.5500440427235195
15,0.5268902821200234
16,0.4962686151266098
17,0.4860769382544926
18,0.611166068485805
19,0.49953637378556387
20,0.515126245362418
